{
    "python_3": {
        "testservice": 8.201058201058201
    }, 
    "python_2": {
        "testservice": 8.148148148148149
    }
}